{"cameraMode":{"drawMode":0,"name":"Shaded","section":"Shading Mode"},"sceneLighting":false,"audioPlay":false,"sceneViewState":{"showFog":true,"showMaterialUpdate":false,"showSkybox":true,"showFlares":true,"showImageEffects":true,"showParticleSystems":true},"in2DMode":false,"pivot":{"x":4.76837158203125e-7,"y":2.424999952316284,"z":40.0},"rotation":{"x":0.13398189842700959,"y":0.013377554714679718,"z":-0.0018089785007759929,"w":0.990892767906189},"size":63.14229202270508,"orthographic":true}