{"cameraMode":{"drawMode":0,"name":"Shaded","section":"Shading Mode"},"sceneLighting":false,"audioPlay":false,"sceneViewState":{"showFog":true,"showMaterialUpdate":false,"showSkybox":true,"showFlares":true,"showImageEffects":true,"showParticleSystems":true},"in2DMode":false,"pivot":{"x":19.950000762939454,"y":2.4250001907348635,"z":15.024999618530274},"rotation":{"x":0.11969902366399765,"y":0.014891679398715496,"z":-0.0017952629132196308,"w":0.9926971197128296},"size":106.27529907226563,"orthographic":true}