{"cameraMode":{"drawMode":0,"name":"Shaded","section":"Shading Mode"},"sceneLighting":false,"audioPlay":false,"sceneViewState":{"showFog":true,"showMaterialUpdate":false,"showSkybox":true,"showFlares":true,"showImageEffects":true,"showParticleSystems":true},"in2DMode":false,"pivot":{"x":4.76837158203125e-7,"y":2.4749999046325685,"z":0.0},"rotation":{"x":0.2727717459201813,"y":0.33034172654151919,"z":-0.10034288465976715,"w":0.8979987502098084},"size":24.99859046936035,"orthographic":true}