{"cameraMode":{"drawMode":0,"name":"Shaded","section":"Shading Mode"},"sceneLighting":false,"audioPlay":false,"sceneViewState":{"showFog":true,"showMaterialUpdate":false,"showSkybox":true,"showFlares":true,"showImageEffects":true,"showParticleSystems":true},"in2DMode":false,"pivot":{"x":0.0,"y":1.3259999752044678,"z":-0.000002384185791015625},"rotation":{"x":0.050734709948301318,"y":0.8892214298248291,"z":-0.10181273519992829,"w":0.44310954213142397},"size":12.213614463806153,"orthographic":true}