{"cameraMode":{"drawMode":0,"name":"Shaded","section":"Shading Mode"},"sceneLighting":false,"audioPlay":false,"sceneViewState":{"showFog":true,"showMaterialUpdate":false,"showSkybox":true,"showFlares":true,"showImageEffects":true,"showParticleSystems":true},"in2DMode":false,"pivot":{"x":-0.7789635062217712,"y":-0.51953125,"z":0.49231696128845217},"rotation":{"x":0.17766189575195313,"y":0.38524574041366579,"z":-0.07585249841213227,"w":0.9023730158805847},"size":15.012173652648926,"orthographic":true}