{"cameraMode":{"drawMode":0,"name":"Shaded","section":"Shading Mode"},"sceneLighting":false,"audioPlay":false,"sceneViewState":{"showFog":true,"showMaterialUpdate":false,"showSkybox":true,"showFlares":true,"showImageEffects":true,"showParticleSystems":true},"in2DMode":false,"pivot":{"x":4.985532760620117,"y":3.3180348873138429,"z":-4.975488185882568},"rotation":{"x":0.35432201623916628,"y":0.3939134180545807,"z":-0.16789130866527558,"w":0.8313246369361877},"size":48.15050506591797,"orthographic":true}