{"cameraMode":{"drawMode":0,"name":"Shaded","section":"Shading Mode"},"sceneLighting":false,"audioPlay":false,"sceneViewState":{"showFog":true,"showMaterialUpdate":false,"showSkybox":true,"showFlares":true,"showImageEffects":true,"showParticleSystems":true},"in2DMode":false,"pivot":{"x":6.769031524658203,"y":2.015625,"z":31.29458236694336},"rotation":{"x":0.4363965094089508,"y":-0.3456236720085144,"z":0.186307892203331,"w":0.8095640540122986},"size":33.60596466064453,"orthographic":true}