{"cameraMode":{"drawMode":0,"name":"Shaded","section":"Shading Mode"},"sceneLighting":false,"audioPlay":false,"sceneViewState":{"showFog":true,"showMaterialUpdate":false,"showSkybox":true,"showFlares":true,"showImageEffects":true,"showParticleSystems":true},"in2DMode":false,"pivot":{"x":5.014467239379883,"y":3.3180348873138429,"z":0.02451181411743164},"rotation":{"x":0.44313615560531618,"y":-0.05104994401335716,"z":0.025286095216870309,"w":0.8946426510810852},"size":82.79075622558594,"orthographic":true}