{"cameraMode":{"drawMode":0,"name":"Shaded","section":"Shading Mode"},"sceneLighting":false,"audioPlay":false,"sceneViewState":{"showFog":true,"showMaterialUpdate":true,"showSkybox":true,"showFlares":true,"showImageEffects":true,"showParticleSystems":true},"in2DMode":false,"pivot":{"x":5.014467239379883,"y":3.3180348873138429,"z":-4.975488185882568},"rotation":{"x":-0.09006647020578385,"y":0.8879007697105408,"z":-0.19705888628959657,"w":-0.4058176279067993},"size":48.15050506591797,"orthographic":true}